DATE,SERIES,OPEN,HIGH,LOW,PREV. CLOSE,LTP,CLOSE,VWAP,52W H,52W L,VOLUME,VALUE,NO. OF  TRADES
16-Mar-2026,EQ,"880.60","899.30","868.75","884.35","882.00","885.30","882.60","1,039.20","478.35",1859410,"1,64,11,21,370.50",72599
13-Mar-2026,EQ,"900.00","905.85","881.90","902.20","884.80","884.35","889.91","1,039.20","478.35",2558067,"2,27,64,42,019.25",75415
12-Mar-2026,EQ,"911.10","912.75","899.10","918.40","901.95","902.20","905.37","1,039.20","478.35",1828277,"1,65,52,73,121.25",58498
11-Mar-2026,EQ,"937.30","947.50","914.40","938.50","915.00","918.40","930.61","1,039.20","478.35",1679818,"1,56,32,62,525.75",57796
10-Mar-2026,EQ,"941.20","951.30","929.10","931.65","938.95","938.50","939.18","1,039.20","478.35",1965529,"1,84,59,86,398.55",83966
09-Mar-2026,EQ,"943.40","948.30","913.60","964.25","930.55","931.65","927.27","1,039.20","478.35",2564303,"2,37,77,94,074.80",72573
06-Mar-2026,EQ,"972.10","980.15","962.10","973.45","964.00","964.25","970.46","1,039.20","478.35",1174945,"1,14,02,40,250.00",43782
05-Mar-2026,EQ,"952.50","976.05","949.75","946.10","973.00","973.45","966.98","1,039.20","478.35",1878949,"1,81,69,04,473.70",75253
04-Mar-2026,EQ,"943.70","956.80","935.30","951.25","948.80","946.10","944.68","1,039.20","478.35",2342802,"2,21,31,87,087.05",85066
02-Mar-2026,EQ,"895.05","963.50","895.05","958.35","952.95","951.25","953.13","1,039.20","478.35",2534464,"2,41,56,66,479.95",61882
27-Feb-2026,EQ,"976.00","976.00","951.00","972.70","953.00","958.35","958.82","1,039.20","478.35",22827452,"21,88,75,21,828.35",134810
26-Feb-2026,EQ,"982.10","983.95","967.45","982.10","970.10","972.70","973.44","1,039.20","478.35",3615184,"3,51,91,54,758.30",67406
25-Feb-2026,EQ,"1,003.80","1,007.85","977.60","1,002.20","979.00","982.10","988.63","1,039.20","478.35",2811304,"2,77,93,29,186.10",59531
24-Feb-2026,EQ,"970.00","1,009.85","968.70","974.10","1,005.00","1,002.20","987.48","1,039.20","478.35",3314603,"3,27,31,16,195.55",70258
23-Feb-2026,EQ,"993.00","998.75","950.00","1,029.65","976.40","974.10","965.75","1,039.20","478.35",13484919,"13,02,30,48,343.20",180405
20-Feb-2026,EQ,"1,014.00","1,032.50","1,009.20","1,017.05","1,028.75","1,029.65","1,026.49","1,039.20","478.35",1748085,"1,79,43,94,615.75",58376
19-Feb-2026,EQ,"1,023.50","1,039.20","1,014.00","1,022.05","1,014.00","1,017.05","1,025.79","1,039.20","478.35",2139829,"2,19,50,19,851.00",71439
18-Feb-2026,EQ,"1,001.90","1,024.10","995.70","999.75","1,023.50","1,022.05","1,011.41","1,029.95","478.35",3081772,"3,11,69,37,856.55",67729
17-Feb-2026,EQ,"1,014.40","1,014.40","994.55","1,010.00","1,000.75","999.75","1,000.93","1,029.95","478.35",1966733,"1,96,85,58,874.80",39753
16-Feb-2026,EQ,"990.00","1,011.00","985.85","994.90","1,009.70","1,010.00","1,003.46","1,029.95","478.35",2090281,"2,09,75,06,947.30",39304
13-Feb-2026,EQ,"998.10","1,004.60","984.65","1,000.60","993.50","994.90","996.07","1,029.95","478.35",1802819,"1,79,57,26,279.35",55766
12-Feb-2026,EQ,"990.25","1,002.95","980.30","990.25","999.30","1,000.60","994.92","1,029.95","478.35",2189502,"2,17,83,88,718.85",48572
11-Feb-2026,EQ,"1,000.00","1,009.85","986.00","1,001.15","987.10","990.25","997.97","1,029.95","478.35",1582054,"1,57,88,42,095.90",56572
10-Feb-2026,EQ,"1,011.90","1,011.90","990.00","1,005.30","1,000.85","1,001.15","999.24","1,029.95","478.35",1918068,"1,91,66,18,189.20",55903
09-Feb-2026,EQ,"995.10","1,009.40","980.00","991.05","1,002.50","1,005.30","998.70","1,029.95","478.35",1879347,"1,87,69,00,450.10",56172
06-Feb-2026,EQ,"986.90","992.45","975.80","986.00","989.05","991.05","986.41","1,029.95","478.35",1192286,"1,17,60,82,737.55",45469
05-Feb-2026,EQ,"980.95","989.70","974.10","980.95","984.10","986.00","983.98","1,029.95","478.35",921723,"90,69,56,094.70",31123
04-Feb-2026,EQ,"988.95","989.05","973.20","982.30","981.00","980.95","982.38","1,029.95","478.35",1152883,"1,13,25,66,264.85",40748
03-Feb-2026,EQ,"985.00","1,019.00","979.80","965.20","982.50","982.30","986.79","1,029.95","478.35",2099845,"2,07,21,03,192.90",44227
02-Feb-2026,EQ,"965.00","977.35","950.45","979.60","967.80","965.20","963.36","1,029.95","478.35",1235711,"1,19,04,35,014.30",40018
01-Feb-2026,EQ,"982.35","990.60","942.75","982.35","975.00","979.60","976.84","1,029.95","478.35",1050237,"1,02,59,09,708.90",21505
30-Jan-2026,EQ,"968.25","995.65","965.00","987.90","980.00","982.35","983.71","1,029.95","478.35",2978565,"2,93,00,45,536.90",69244
29-Jan-2026,EQ,"962.35","992.80","960.00","962.35","990.00","987.90","980.79","1,029.95","478.35",4789658,"4,69,76,60,086.65",95260
28-Jan-2026,EQ,"965.00","970.95","955.15","963.55","962.00","962.35","961.64","1,029.95","478.35",1238957,"1,19,14,34,597.95",43756
27-Jan-2026,EQ,"970.60","977.85","944.10","966.10","960.95","963.55","955.53","1,029.95","478.35",1801986,"1,72,18,47,656.10",61679
23-Jan-2026,EQ,"1,005.00","1,006.90","961.30","1,000.55","967.00","966.10","979.30","1,029.95","478.35",2752861,"2,69,58,85,394.60",44386
22-Jan-2026,EQ,"1,003.25","1,016.75","982.15","994.90","998.25","1,000.55","998.04","1,029.95","478.35",1668127,"1,66,48,54,410.65",59036
21-Jan-2026,EQ,"1,009.00","1,027.45","968.30","1,001.25","994.75","994.90","998.39","1,029.95","478.35",5487389,"5,47,85,42,050.45",116542
20-Jan-2026,EQ,"1,021.00","1,021.60","992.35","1,020.95","1,001.25","1,001.25","1,004.67","1,029.95","478.35",2014610,"2,02,40,27,032.65",79210
19-Jan-2026,EQ,"1,025.00","1,026.20","1,010.75","1,025.40","1,020.65","1,020.95","1,019.72","1,029.95","478.35",1984489,"2,02,36,15,155.45",59804
16-Jan-2026,EQ,"975.50","1,029.95","968.55","976.35","1,022.35","1,025.40","1,006.52","1,029.95","478.35",7202895,"7,24,98,85,361.90",94459
14-Jan-2026,EQ,"964.00","980.80","963.50","971.95","980.80","976.35","972.61","1,026.80","478.35",2737259,"2,66,22,84,840.50",72579
13-Jan-2026,EQ,"1,010.00","1,011.00","959.65","1,007.80","971.50","971.95","973.65","1,026.80","478.35",4628293,"4,50,63,58,444.30",62911
12-Jan-2026,EQ,"996.00","1,009.80","991.70","999.20","1,009.30","1,007.80","1,000.62","1,026.80","478.35",1409487,"1,41,03,60,122.55",32441
09-Jan-2026,EQ,"993.00","1,006.05","990.10","992.10","1,001.00","999.20","1,000.41","1,026.80","478.35",1197452,"1,19,79,41,408.65",38946
08-Jan-2026,EQ,"1,002.95","1,006.70","988.85","1,004.55","990.90","992.10","994.16","1,026.80","478.35",1103298,"1,09,68,59,275.95",36802
07-Jan-2026,EQ,"1,008.00","1,017.10","999.00","1,008.75","1,005.00","1,004.55","1,003.06","1,026.80","478.35",1646106,"1,65,11,42,873.35",64906
06-Jan-2026,EQ,"1,016.00","1,018.80","1,000.90","1,014.95","1,008.50","1,008.75","1,007.88","1,026.80","478.35",694271,"69,97,44,449.90",24738
05-Jan-2026,EQ,"1,023.00","1,026.80","1,005.10","999.40","1,013.00","1,014.95","1,015.23","1,026.80","478.35",2090372,"2,12,22,15,083.50",49868
02-Jan-2026,EQ,"1,002.90","1,011.00","997.05","999.45","999.45","999.40","1,002.86","1,011.00","478.35",1014538,"1,01,74,36,058.00",35231
01-Jan-2026,EQ,"994.50","1,003.15","991.10","994.50","998.10","999.45","997.51","1,007.25","478.35",685959,"68,42,48,395.50",19838
31-Dec-2025,EQ,"996.05","1,006.10","989.65","996.45","996.40","994.50","998.22","1,007.25","478.35",1523909,"1,52,11,91,996.45",45274
30-Dec-2025,EQ,"985.00","1,000.00","980.50","986.65","993.10","996.45","996.24","1,007.25","478.35",10250412,"10,21,18,19,928.75",120797
29-Dec-2025,EQ,"972.50","988.50","967.00","974.95","987.90","986.65","979.79","1,007.25","478.35",997808,"97,76,44,070.10",24157
26-Dec-2025,EQ,"974.05","982.00","970.00","974.05","974.05","974.95","975.54","1,007.25","478.35",1470189,"1,43,42,35,055.00",22528
24-Dec-2025,EQ,"985.00","987.80","972.55","980.35","973.45","974.05","978.12","1,007.25","478.35",1552265,"1,51,83,01,729.05",28333
23-Dec-2025,EQ,"975.00","986.10","975.00","984.45","980.00","980.35","980.02","1,007.25","478.35",1402838,"1,37,48,03,582.65",28662
22-Dec-2025,EQ,"985.00","987.70","973.25","985.15","986.00","984.45","979.46","1,007.25","478.35",1798327,"1,76,13,82,796.45",51125
19-Dec-2025,EQ,"977.10","989.20","972.70","987.65","985.00","985.15","983.15","1,007.25","478.35",2775343,"2,72,85,91,801.45",50899
18-Dec-2025,EQ,"991.00","993.05","982.15","990.30","987.50","987.65","987.74","1,007.25","478.35",1561587,"1,54,24,34,182.90",37375
17-Dec-2025,EQ,"981.00","998.20","979.40","980.60","990.50","990.30","992.16","1,007.25","478.35",3583750,"3,55,56,70,364.65",57664
16-Dec-2025,EQ,"976.00","984.00","973.30","979.05","978.10","980.60","978.21","1,007.25","478.35",1350309,"1,32,08,82,986.60",35231
15-Dec-2025,EQ,"965.00","983.35","957.40","968.05","980.60","979.05","975.20","1,007.25","478.35",1702377,"1,66,01,61,451.85",40139
12-Dec-2025,EQ,"974.10","977.60","963.40","973.00","968.50","968.05","968.90","1,007.25","478.35",1932538,"1,87,24,39,931.40",41288
11-Dec-2025,EQ,"981.00","990.70","970.35","993.70","973.00","973.00","978.88","1,007.25","478.35",1656397,"1,62,14,08,208.90",46721
10-Dec-2025,EQ,"981.00","1,007.25","981.00","972.05","992.90","993.70","997.83","1,007.25","478.35",7019615,"7,00,44,09,767.60",115480
09-Dec-2025,EQ,"950.05","973.70","948.20","952.55","971.00","972.05","965.05","973.70","478.35",1880632,"1,81,49,10,471.15",46223
08-Dec-2025,EQ,"962.85","963.30","947.15","960.70","953.10","952.55","952.85","966.90","478.35",1172294,"1,11,70,18,339.45",33228
05-Dec-2025,EQ,"948.90","965.00","946.10","948.75","960.90","960.70","958.61","966.90","478.35",1640399,"1,57,25,07,010.85",48637
04-Dec-2025,EQ,"949.00","954.00","943.65","948.70","949.00","948.75","948.10","966.90","478.35",651215,"61,74,19,344.25",39871
03-Dec-2025,EQ,"951.80","952.40","938.40","953.05","952.00","948.70","944.32","966.90","478.35",2138096,"2,01,90,53,408.55",36684
02-Dec-2025,EQ,"949.95","966.90","948.55","950.50","951.40","953.05","956.86","966.90","478.35",1845042,"1,76,54,46,008.55",46247
01-Dec-2025,EQ,"955.40","962.70","947.80","955.25","951.20","950.50","953.11","962.70","478.35",1215469,"1,15,84,74,767.40",35986
28-Nov-2025,EQ,"949.00","956.30","943.60","947.15","952.95","955.25","952.24","962.65","478.35",1439552,"1,37,07,97,044.10",35089
27-Nov-2025,EQ,"953.75","955.00","938.80","953.75","944.90","947.15","944.89","962.65","478.35",1254643,"1,18,54,98,817.90",48229
26-Nov-2025,EQ,"943.00","962.65","941.00","944.05","951.00","953.75","954.43","962.65","478.35",2849853,"2,71,99,83,288.85",89093
25-Nov-2025,EQ,"925.00","946.25","925.00","925.10","945.00","944.05","938.77","946.25","478.35",2689417,"2,52,47,38,443.25",55772
24-Nov-2025,EQ,"915.35","935.60","913.35","915.35","924.90","925.10","926.86","935.60","478.35",3235422,"2,99,87,93,746.85",60566
21-Nov-2025,EQ,"918.00","924.90","908.60","919.30","916.00","915.35","915.51","929.90","478.35",1756372,"1,60,79,76,879.05",35245
20-Nov-2025,EQ,"925.65","929.00","916.25","925.65","922.80","919.30","921.66","929.90","478.35",599130,"55,21,94,288.95",27243
19-Nov-2025,EQ,"924.75","928.00","910.80","920.15","924.00","925.65","923.24","929.90","478.35",3061415,"2,82,64,10,926.55",49449
18-Nov-2025,EQ,"912.65","929.90","909.90","912.70","922.00","920.15","922.12","929.90","478.35",3097067,"2,85,58,78,249.10",56030
17-Nov-2025,EQ,"895.00","919.40","892.15","890.60","914.00","912.70","912.69","922.90","478.35",2325495,"2,12,24,64,103.10",55454
14-Nov-2025,EQ,"886.00","894.55","882.50","886.70","891.90","890.60","890.09","922.90","478.35",1668762,"1,48,53,42,970.15",27227
13-Nov-2025,EQ,"881.50","891.85","878.80","882.05","886.00","886.70","886.21","922.90","478.35",1162548,"1,03,02,58,235.85",43288
12-Nov-2025,EQ,"897.45","897.45","879.65","889.40","880.20","882.05","883.54","922.90","478.35",1230211,"1,08,69,34,994.60",26846
11-Nov-2025,EQ,"915.00","916.90","886.60","914.60","890.10","889.40","894.14","922.90","478.35",1570525,"1,40,42,68,156.15",45963
10-Nov-2025,EQ,"907.15","922.90","905.70","908.70","912.15","914.60","916.23","922.90","478.35",2958937,"2,71,10,77,029.45",39724
07-Nov-2025,EQ,"876.05","909.75","870.85","881.00","907.15","908.70","895.86","909.75","478.35",3232246,"2,89,56,30,525.05",63959
06-Nov-2025,EQ,"880.90","892.65","875.40","880.30","881.00","881.00","882.78","892.65","478.35",3539271,"3,12,43,93,908.15",49814
04-Nov-2025,EQ,"866.95","881.00","863.75","866.95","880.10","880.30","873.78","886.45","478.35",2981577,"2,60,52,46,231.75",41570
03-Nov-2025,EQ,"877.00","885.65","864.75","877.85","867.50","866.95","874.52","886.45","478.35",1245468,"1,08,91,92,876.10",37238
31-Oct-2025,EQ,"878.25","882.75","872.70","878.30","876.00","877.85","877.07","886.45","478.35",710153,"62,28,53,145.90",30868
30-Oct-2025,EQ,"883.00","885.50","874.80","882.45","876.20","878.30","880.83","886.45","478.35",1730444,"1,52,42,21,907.50",55829
29-Oct-2025,EQ,"886.00","886.45","874.40","879.90","883.20","882.45","880.08","886.45","478.35",2921775,"2,57,13,99,075.25",48241
28-Oct-2025,EQ,"864.20","881.40","864.20","864.20","880.00","879.90","876.75","884.00","478.35",2737346,"2,39,99,68,799.45",55938
27-Oct-2025,EQ,"860.00","869.65","855.30","860.35","865.50","864.20","863.66","884.00","478.35",1499331,"1,29,49,15,138.55",40806
24-Oct-2025,EQ,"872.00","875.05","858.25","870.70","860.50","860.35","864.27","884.00","478.35",1778097,"1,53,67,58,066.35",49502
23-Oct-2025,EQ,"861.05","884.00","861.05","861.35","870.00","870.70","874.17","884.00","478.35",4807671,"4,20,27,31,920.60",83262
21-Oct-2025,EQ,"866.00","871.70","858.45","865.20","861.00","861.35","863.17","871.70","478.35",483216,"41,70,95,592.40",12661
20-Oct-2025,EQ,"818.00","871.65","818.00","792.45","866.45","865.20","855.40","871.65","478.35",20074420,"17,17,15,84,723.95",297513
17-Oct-2025,EQ,"796.95","802.45","785.05","798.50","799.95","792.45","789.99","841.00","478.35",4814241,"3,80,32,24,887.20",41597
16-Oct-2025,EQ,"801.25","814.00","795.00","802.10","795.00","798.50","804.87","841.00","478.35",1864887,"1,50,09,95,789.55",45404
15-Oct-2025,EQ,"776.50","807.00","776.10","772.65","801.25","802.10","796.95","841.00","478.35",3804314,"3,03,18,31,046.15",77381
14-Oct-2025,EQ,"767.10","776.50","762.35","767.10","776.10","772.65","770.02","841.00","478.35",2260560,"1,74,06,77,855.85",46611
13-Oct-2025,EQ,"771.15","776.70","760.75","763.25","766.50","767.10","767.58","841.00","478.35",2154436,"1,65,36,98,150.45",33922
10-Oct-2025,EQ,"757.70","765.65","755.15","760.00","762.50","763.25","760.74","841.00","478.35",949662,"72,24,41,529.95",44598
09-Oct-2025,EQ,"770.00","771.00","756.10","767.70","760.30","760.00","762.48","841.00","478.35",1723753,"1,31,43,23,598.75",40894
08-Oct-2025,EQ,"765.00","772.40","751.65","764.00","766.00","767.70","763.14","841.00","478.35",3344639,"2,55,24,43,751.00",43365
07-Oct-2025,EQ,"765.50","766.60","756.55","762.95","762.20","764.00","762.12","841.00","478.35",2437438,"1,85,76,20,910.65",43382
06-Oct-2025,EQ,"748.05","764.40","745.00","741.90","764.40","762.95","757.59","841.00","478.35",2447302,"1,85,40,60,505.00",59895
03-Oct-2025,EQ,"722.05","743.70","720.70","724.55","740.50","741.90","737.23","841.00","478.35",1744199,"1,28,58,82,582.60",33058
01-Oct-2025,EQ,"728.00","741.40","719.05","731.40","726.85","724.55","727.39","841.00","478.35",3802747,"2,76,60,93,923.05",60970
30-Sep-2025,EQ,"738.00","740.20","728.80","738.40","730.90","731.40","732.34","841.00","478.35",3387971,"2,48,11,50,111.40",47572
29-Sep-2025,EQ,"744.10","755.00","729.45","743.20","740.00","738.40","739.60","841.00","478.35",3008287,"2,22,49,41,822.75",57951
26-Sep-2025,EQ,"749.50","759.75","741.50","741.60","743.85","743.20","750.03","841.00","478.35",4071836,"3,05,40,11,745.25",97275
25-Sep-2025,EQ,"733.25","747.55","730.20","736.15","743.00","741.60","741.19","841.00","478.35",1527974,"1,13,25,13,679.00",38924
24-Sep-2025,EQ,"730.00","743.40","727.40","731.65","733.20","736.15","739.24","841.00","478.35",3424417,"2,53,14,61,520.70",52854
23-Sep-2025,EQ,"710.00","734.05","708.90","706.05","731.65","731.65","727.17","841.00","478.35",5080969,"3,69,47,28,559.00",125195
22-Sep-2025,EQ,"719.90","719.90","703.85","718.70","708.40","706.05","710.95","841.00","478.35",1519343,"1,08,01,83,562.05",30509
19-Sep-2025,EQ,"719.65","724.00","711.25","719.65","716.65","718.70","717.25","841.00","478.35",3207374,"2,30,04,76,742.70",50161
18-Sep-2025,EQ,"713.05","722.30","708.10","708.75","720.00","719.65","714.72","841.00","478.35",2453800,"1,75,37,76,708.95",63423
17-Sep-2025,EQ,"710.00","712.20","698.30","711.20","708.60","708.75","704.62","841.00","478.35",3506666,"2,47,08,56,626.00",44609
16-Sep-2025,EQ,"716.50","720.50","709.20","713.40","712.35","711.20","713.90","841.00","478.35",2510810,"1,79,24,68,819.55",40895
15-Sep-2025,EQ,"708.00","715.00","699.20","706.65","714.00","713.40","706.88","841.00","478.35",2009111,"1,42,02,01,764.90",49597
12-Sep-2025,EQ,"710.95","718.20","705.75","710.95","707.25","706.65","712.48","841.00","478.35",1740388,"1,23,99,89,891.45",55469
11-Sep-2025,EQ,"714.40","714.40","709.00","713.80","710.30","710.95","711.06","841.00","478.35",1045318,"74,32,81,025.95",44890
10-Sep-2025,EQ,"702.00","715.00","695.65","697.45","713.20","713.80","705.49","841.00","478.35",3846563,"2,71,37,03,622.25",62678
09-Sep-2025,EQ,"698.00","699.75","694.85","699.75","696.55","697.45","697.07","841.00","478.35",898505,"62,63,19,449.60",35282
08-Sep-2025,EQ,"696.55","703.80","694.30","694.30","698.50","699.75","700.20","841.00","478.35",1949781,"1,36,52,34,708.25",55748
05-Sep-2025,EQ,"700.00","700.00","682.15","696.25","696.60","694.30","688.62","841.00","478.35",2961695,"2,03,94,87,947.95",66648
04-Sep-2025,EQ,"716.00","718.80","692.80","713.95","696.25","696.25","700.55","841.00","478.35",5466938,"3,82,98,46,635.80",77188
03-Sep-2025,EQ,"710.00","716.20","709.05","708.30","714.65","713.95","712.90","841.00","478.35",997652,"71,12,25,862.50",52836
02-Sep-2025,EQ,"722.05","724.50","704.20","721.55","710.00","708.30","708.42","841.00","478.35",3178457,"2,25,16,69,411.60",95525
01-Sep-2025,EQ,"721.10","727.35","716.50","718.05","720.60","721.55","721.01","841.00","478.35",1187277,"85,60,40,144.50",60839
29-Aug-2025,EQ,"726.00","731.90","716.30","729.25","718.35","718.05","722.27","841.00","478.35",3090760,"2,23,23,54,610.80",56252
28-Aug-2025,EQ,"745.30","751.95","728.00","745.25","729.55","729.25","736.07","841.00","478.35",1467576,"1,08,02,39,399.30",54353
26-Aug-2025,EQ,"750.00","750.90","740.25","749.60","743.00","745.25","745.43","841.00","478.35",2429502,"1,81,10,16,618.05",50300
25-Aug-2025,EQ,"738.00","753.25","738.00","742.05","750.00","749.60","749.51","841.00","478.35",1711315,"1,28,26,39,553.60",40619
22-Aug-2025,EQ,"751.20","760.00","739.55","752.20","740.00","742.05","749.37","841.00","478.35",980129,"73,44,83,685.15",33760
21-Aug-2025,EQ,"759.60","760.65","751.15","759.15","753.70","752.20","755.99","841.00","478.35",542497,"41,01,20,823.95",26281
20-Aug-2025,EQ,"758.50","761.00","745.30","758.50","759.90","759.15","756.08","841.00","478.35",1188698,"89,87,49,599.90",35816
19-Aug-2025,EQ,"760.00","765.00","754.15","761.55","757.25","758.50","760.16","841.00","478.35",826929,"62,85,98,398.45",27060
18-Aug-2025,EQ,"755.00","773.35","753.00","750.60","761.00","761.55","764.13","841.00","478.35",1873223,"1,43,13,83,873.50",59724
14-Aug-2025,EQ,"744.00","752.55","740.55","738.00","749.80","750.60","749.44","841.00","478.35",2621099,"1,96,43,48,866.10",49454
13-Aug-2025,EQ,"730.00","742.50","728.95","724.80","740.00","738.00","735.48","841.00","478.35",1328439,"97,70,41,637.70",59438
12-Aug-2025,EQ,"735.95","741.15","721.80","734.25","727.00","724.80","731.12","841.00","478.35",2828419,"2,06,79,00,054.50",66685
11-Aug-2025,EQ,"742.05","743.00","726.30","739.00","733.85","734.25","734.93","841.00","478.35",2891298,"2,12,49,12,290.75",81435
08-Aug-2025,EQ,"800.00","800.00","736.00","743.25","736.95","739.00","757.45","841.00","478.35",12715309,"9,63,11,99,371.15",182555
07-Aug-2025,EQ,"735.00","746.00","724.50","735.20","744.10","743.25","736.25","841.00","478.35",1110408,"81,75,36,107.20",39652
06-Aug-2025,EQ,"744.90","745.00","722.70","742.65","737.00","735.20","733.37","841.00","478.35",1556317,"1,14,13,55,950.25",43480
05-Aug-2025,EQ,"754.00","755.85","739.50","752.25","742.95","742.65","743.95","841.00","478.35",1593070,"1,18,51,67,892.85",50055
04-Aug-2025,EQ,"741.05","755.85","740.00","741.05","752.75","752.25","750.52","841.00","478.35",2681209,"2,01,23,03,471.05",56120
01-Aug-2025,EQ,"741.50","751.45","739.05","741.50","741.50","741.05","744.93","841.00","478.35",2251668,"1,67,73,35,559.45",38031
31-Jul-2025,EQ,"742.75","749.75","736.75","746.30","741.95","741.50","743.27","841.00","478.35",3573228,"2,65,58,59,829.50",55109
30-Jul-2025,EQ,"739.50","754.10","735.00","739.95","749.00","746.30","747.07","841.00","478.35",3045837,"2,27,54,55,915.80",54480
29-Jul-2025,EQ,"727.90","741.80","727.00","727.35","740.25","739.95","736.06","841.00","478.35",2061754,"1,51,75,77,824.55",60695
28-Jul-2025,EQ,"728.50","737.90","725.00","733.40","725.00","727.35","731.95","841.00","478.35",1906629,"1,39,55,47,613.65",71005
25-Jul-2025,EQ,"743.10","747.80","727.45","745.45","732.10","733.40","735.80","841.00","478.35",1485353,"1,09,29,15,677.50",67520
24-Jul-2025,EQ,"736.75","746.55","732.30","736.75","744.00","745.45","742.09","841.00","478.35",2296317,"1,70,40,68,970.45",49374
23-Jul-2025,EQ,"726.20","738.90","721.40","725.80","737.90","736.75","730.67","841.00","478.35",3208507,"2,34,43,58,178.25",59609
22-Jul-2025,EQ,"752.95","753.80","724.25","752.90","724.70","725.80","733.21","841.00","478.35",4668078,"3,42,26,91,911.25",86211
21-Jul-2025,EQ,"770.00","770.00","735.20","794.90","752.00","752.90","748.79","841.00","478.35",11588986,"8,67,77,42,374.95",191370
18-Jul-2025,EQ,"796.95","801.00","786.05","796.95","790.30","794.90","793.19","841.00","478.35",1502394,"1,19,16,85,589.85",55443
17-Jul-2025,EQ,"797.75","802.50","788.35","797.75","797.25","796.95","794.58","841.00","478.35",1772879,"1,40,87,00,498.85",53832
16-Jul-2025,EQ,"812.05","814.55","795.20","810.05","796.60","797.75","804.51","841.00","478.35",1599610,"1,28,69,04,593.90",48021
15-Jul-2025,EQ,"804.00","820.80","801.10","804.95","811.00","810.05","810.77","841.00","478.35",2159391,"1,75,07,63,885.65",53947
14-Jul-2025,EQ,"805.30","814.75","797.15","821.00","804.60","804.95","803.85","841.00","478.35",2464428,"1,98,10,38,197.55",71092
11-Jul-2025,EQ,"828.30","832.75","817.05","828.20","821.95","821.00","822.88","841.00","478.35",1767939,"1,45,47,93,457.90",34774
10-Jul-2025,EQ,"825.80","829.55","821.00","825.75","828.75","828.20","825.89","841.00","478.35",988688,"81,65,44,932.00",33258
09-Jul-2025,EQ,"822.50","827.45","817.00","819.85","826.40","825.75","822.26","841.00","478.35",1513929,"1,24,48,47,459.20",32022
08-Jul-2025,EQ,"813.85","821.20","802.00","813.85","818.80","819.85","815.10","841.00","478.35",2002070,"1,63,18,86,590.50",44042
07-Jul-2025,EQ,"819.55","824.45","810.00","819.50","811.00","813.85","818.72","841.00","478.35",1752800,"1,43,50,52,251.60",59994
04-Jul-2025,EQ,"814.90","820.90","807.00","811.85","818.30","819.50","816.14","841.00","478.35",880959,"71,89,84,211.35",26868
03-Jul-2025,EQ,"820.00","822.10","809.55","818.25","810.55","811.85","813.41","841.00","478.35",3218187,"2,61,77,02,691.40",75536
02-Jul-2025,EQ,"840.00","841.00","816.00","838.35","821.95","818.25","823.01","841.00","478.35",2504958,"2,06,16,02,411.00",68159
01-Jul-2025,EQ,"820.00","840.00","820.00","817.50","837.60","838.35","832.22","840.00","478.35",3760593,"3,12,96,26,331.00",80179
30-Jun-2025,EQ,"813.80","822.25","808.80","809.00","819.85","817.50","816.58","824.00","478.35",2397545,"1,95,77,97,825.05",74229
27-Jun-2025,EQ,"821.00","821.00","803.65","819.70","815.00","809.00","808.97","824.00","478.35",4459909,"3,60,79,32,438.50",93223
26-Jun-2025,EQ,"811.00","824.00","806.15","807.05","821.00","819.70","815.11","824.00","478.35",5819183,"4,74,32,86,477.60",115878
25-Jun-2025,EQ,"802.00","810.90","794.25","800.70","808.50","807.05","803.96","810.90","478.35",2237498,"1,79,88,49,221.70",40075
24-Jun-2025,EQ,"802.00","805.85","790.65","796.55","800.00","800.70","798.29","808.00","478.35",1329371,"1,06,12,20,243.00",42604
23-Jun-2025,EQ,"797.70","802.00","789.35","795.35","797.00","796.55","796.05","808.00","478.35",2615512,"2,08,20,90,553.45",50784
20-Jun-2025,EQ,"790.10","798.85","784.60","790.10","793.35","795.35","791.06","808.00","478.35",2109976,"1,66,91,17,789.45",44158
19-Jun-2025,EQ,"798.50","808.00","787.75","794.50","789.05","790.10","797.29","808.00","478.35",4235907,"3,37,72,30,170.70",77782
18-Jun-2025,EQ,"773.15","798.50","765.00","773.15","794.90","794.50","791.09","798.50","478.35",3708945,"2,93,41,22,645.65",114405
17-Jun-2025,EQ,"781.45","783.95","771.30","781.45","771.65","773.15","774.65","785.00","478.35",1306248,"1,01,18,84,445.65",31335
16-Jun-2025,EQ,"768.50","783.50","758.80","768.60","781.00","781.45","775.37","785.00","478.35",1525817,"1,18,30,71,335.85",37320
13-Jun-2025,EQ,"769.95","772.75","757.00","778.70","768.20","768.60","766.59","785.00","478.35",1774265,"1,36,01,32,281.15",43506
12-Jun-2025,EQ,"775.00","785.00","772.20","773.95","776.50","778.70","780.15","785.00","478.35",2960859,"2,30,99,14,798.85",63433
11-Jun-2025,EQ,"766.00","781.75","766.00","765.40","775.05","773.95","775.03","782.60","478.35",3419378,"2,65,01,33,656.75",71826
10-Jun-2025,EQ,"772.50","779.30","760.15","772.00","763.75","765.40","769.00","782.60","478.35",4063938,"3,12,51,74,157.10",101877
09-Jun-2025,EQ,"755.00","782.60","750.25","749.55","771.20","772.00","767.79","782.60","478.35",7511827,"5,76,75,36,654.15",141255
06-Jun-2025,EQ,"720.00","755.50","712.30","720.05","748.40","749.55","741.20","755.50","478.35",4971098,"3,68,45,70,089.50",96747
05-Jun-2025,EQ,"730.00","730.00","713.20","725.20","721.50","720.05","718.56","755.40","478.35",2082775,"1,49,66,08,605.70",37016
04-Jun-2025,EQ,"728.00","738.00","720.00","728.30","723.55","725.20","728.05","755.40","478.35",2257807,"1,64,37,91,796.20",45038
03-Jun-2025,EQ,"725.00","731.00","716.10","718.65","725.85","728.30","724.08","755.40","478.35",3563158,"2,58,00,00,963.60",84076
02-Jun-2025,EQ,"695.00","721.00","691.90","693.05","720.95","718.65","702.46","755.40","478.35",6542677,"4,59,59,60,039.25",63928
30-May-2025,EQ,"698.30","703.95","690.30","698.25","694.00","693.05","694.39","755.40","478.35",4271143,"2,96,58,33,536.00",57998
29-May-2025,EQ,"707.00","708.85","695.30","706.45","699.00","698.25","698.96","755.40","478.35",2742561,"1,91,69,29,342.25",48158
28-May-2025,EQ,"701.20","709.50","698.20","701.20","705.30","706.45","705.56","755.40","478.35",2873400,"2,02,73,43,663.00",61038
27-May-2025,EQ,"710.00","715.00","694.30","698.90","700.00","701.20","701.53","755.40","478.35",2969182,"2,08,29,76,328.20",55169
26-May-2025,EQ,"699.00","708.55","692.45","696.20","697.70","698.90","699.14","755.40","478.35",1125692,"78,70,11,817.65",31834
23-May-2025,EQ,"689.15","699.40","687.00","689.15","696.70","696.20","695.57","755.40","478.35",1098715,"76,42,29,929.60",23857
22-May-2025,EQ,"689.60","693.40","682.55","692.90","689.65","689.15","688.41","755.40","478.35",713271,"49,10,20,091.95",29721
21-May-2025,EQ,"691.50","693.75","680.70","687.50","692.95","692.90","687.88","755.40","478.35",1572397,"1,08,16,26,349.45",66794
20-May-2025,EQ,"689.90","695.10","684.00","686.65","686.85","687.50","689.44","755.40","478.35",1676816,"1,15,60,63,899.05",32793
19-May-2025,EQ,"688.00","690.50","683.65","684.85","688.00","686.65","687.20","755.40","478.35",770078,"52,92,00,098.90",23916
16-May-2025,EQ,"692.70","693.60","683.05","690.10","685.00","684.85","685.48","755.40","478.35",723860,"49,61,92,168.75",26952
15-May-2025,EQ,"691.00","697.20","688.00","690.50","690.00","690.10","691.10","755.40","478.35",1452358,"1,00,37,20,725.70",27651
14-May-2025,EQ,"700.00","700.75","688.25","699.75","694.65","690.50","692.29","755.40","478.35",1922009,"1,33,05,86,034.60",41092
13-May-2025,EQ,"703.40","706.10","695.90","703.40","698.20","699.75","700.08","755.40","478.35",1496327,"1,04,75,44,116.70",31627
12-May-2025,EQ,"705.00","707.65","696.65","687.00","702.60","703.40","701.00","755.40","478.35",3381357,"2,37,03,44,924.10",46012
09-May-2025,EQ,"675.00","690.85","671.60","689.00","689.00","687.00","684.32","755.40","478.35",3087519,"2,11,28,37,741.65",52147
08-May-2025,EQ,"688.00","711.00","685.90","687.60","688.00","689.00","700.08","755.40","478.35",3156954,"2,21,01,16,709.30",56885
07-May-2025,EQ,"665.05","688.50","663.45","671.75","686.60","687.60","683.18","755.40","478.35",2398908,"1,63,88,76,653.50",41217
06-May-2025,EQ,"679.50","688.00","668.60","678.60","670.00","671.75","676.12","755.40","478.35",2322138,"1,57,00,48,522.05",47842
05-May-2025,EQ,"666.00","683.45","655.50","676.40","679.50","678.60","669.11","755.40","478.35",11773963,"7,87,80,36,442.10",90927
02-May-2025,EQ,"680.00","688.45","674.25","678.60","679.80","676.40","679.01","755.40","478.35",4553653,"3,09,19,93,737.80",82043
30-Apr-2025,EQ,"707.00","707.00","675.85","706.05","676.00","678.60","686.21","755.40","478.35",3436267,"2,35,79,98,328.40",96526
29-Apr-2025,EQ,"690.00","713.00","690.00","688.40","703.55","706.05","706.44","755.40","478.35",5340417,"3,77,26,69,662.65",100038
28-Apr-2025,EQ,"673.00","690.00","665.05","675.15","689.00","688.40","677.51","755.40","478.35",3906817,"2,64,69,00,242.35",69392
25-Apr-2025,EQ,"681.00","681.00","662.40","681.05","671.00","675.15","671.48","755.40","478.35",4093320,"2,74,85,99,447.70",84108
24-Apr-2025,EQ,"658.50","694.80","655.60","665.45","672.50","681.05","680.00","755.40","478.35",11937594,"8,11,75,58,361.70",158403
23-Apr-2025,EQ,"620.00","669.90","620.00","613.80","662.20","665.45","654.36","755.40","478.35",20564151,"13,45,63,67,311.25",279766
22-Apr-2025,EQ,"623.80","626.80","610.50","623.60","616.00","613.80","618.12","755.40","478.35",4335283,"2,67,97,25,612.90",81010
21-Apr-2025,EQ,"592.80","641.75","592.00","586.55","629.50","623.60","617.21","755.40","478.35",9059537,"5,59,16,74,501.10",145495
17-Apr-2025,EQ,"582.35","591.30","576.40","582.35","586.00","586.55","583.72","755.40","478.35",2759263,"1,61,06,46,830.90",51296
16-Apr-2025,EQ,"575.95","583.50","566.00","576.00","583.50","582.35","578.23","755.40","478.35",2741238,"1,58,50,68,317.90",56263
15-Apr-2025,EQ,"565.00","579.10","553.25","557.10","575.90","576.00","568.78","755.40","478.35",3321684,"1,88,93,00,723.70",86507
11-Apr-2025,EQ,"560.00","564.85","550.85","554.30","557.10","557.10","555.43","755.40","478.35",2454627,"1,36,33,75,239.55",54034
09-Apr-2025,EQ,"548.00","557.85","540.00","545.60","554.00","554.30","549.17","755.40","478.35",1862435,"1,02,28,02,480.50",41601
08-Apr-2025,EQ,"550.00","552.50","543.05","541.70","548.00","545.60","546.14","755.40","478.35",1450103,"79,19,63,212.05",42330
07-Apr-2025,EQ,"515.00","552.95","513.50","552.10","543.00","541.70","542.92","755.40","478.35",1814337,"98,50,32,213.90",54582
04-Apr-2025,EQ,"559.85","559.85","544.70","563.45","554.00","552.10","552.64","755.40","478.35",2024869,"1,11,90,31,119.50",40245
03-Apr-2025,EQ,"531.00","565.70","531.00","539.50","562.00","563.45","558.22","755.40","478.35",4674160,"2,60,91,90,869.95",86796
02-Apr-2025,EQ,"535.00","540.60","521.65","529.90","539.60","539.50","533.32","755.40","478.35",1932324,"1,03,05,39,569.10",44494
01-Apr-2025,EQ,"532.90","543.50","528.05","534.60","531.00","529.90","533.90","755.40","478.35",2210272,"1,18,00,59,806.00",41486
28-Mar-2025,EQ,"559.00","562.10","530.75","554.40","532.00","534.60","546.29","755.40","478.35",3118677,"1,70,37,06,338.80",67431
27-Mar-2025,EQ,"569.55","573.75","544.20","573.75","556.00","554.40","554.67","755.40","478.35",10765998,"5,97,15,22,634.15",116800
26-Mar-2025,EQ,"565.00","580.35","563.55","557.90","574.50","573.75","574.36","755.40","478.35",8030660,"4,61,24,99,805.15",155093
25-Mar-2025,EQ,"551.90","561.35","550.00","550.05","557.00","557.90","556.09","755.40","478.35",4004101,"2,22,66,57,795.25",72463
24-Mar-2025,EQ,"543.45","555.55","542.15","542.80","549.80","550.05","550.45","755.40","478.35",2777258,"1,52,87,34,590.65",53378
21-Mar-2025,EQ,"527.90","545.60","525.65","525.25","542.50","542.80","538.48","755.40","478.35",3193144,"1,71,94,50,981.90",60080
20-Mar-2025,EQ,"525.05","534.35","510.10","525.80","524.90","525.25","523.15","755.40","478.35",2151278,"1,12,54,36,351.50",48029
19-Mar-2025,EQ,"506.00","530.50","505.50","504.00","525.45","525.80","521.44","755.40","478.35",2859237,"1,49,09,29,724.45",49229
18-Mar-2025,EQ,"495.80","507.40","478.35","491.80","506.70","504.00","494.14","755.40","478.35",4908953,"2,42,57,33,028.50",61288
17-Mar-2025,EQ,"503.70","505.40","489.45","502.85","492.05","491.80","495.12","755.40","489.45",3628157,"1,79,63,86,204.50",66734